{
  "slug": "KRTPluginA",
  "name": "KRTPluginA",
  "version": "1.6.9",
  "license": "MIT",
  "brand": "KRT",
  "author": "Jacko",
  "authorEmail": "jackokring@gmail.com",
  "authorUrl": "https://kring.co.uk",
  "pluginUrl": "",
  "manualUrl": "https://github.com/jackokring/KRTPluginA/blob/master/README.md",
  "sourceUrl": "https://github.com/jackokring/KRTPluginA",
  "donateUrl": "https://github.com/jackokring",
  "changelogUrl": "",
  "modules": [
    {
      "slug": "A",
      "name": "A",
      "description": "Plate 18 dB filter. (Band pass phased ring mod.)",
      "tags": [
        "Effect",
        "Filter",
        "Polyphonic"
      ]
    },
    {
      "slug": "Mu",
      "name": "\u03bc",
      "description": "Time dependant caclulus on a summing juntion. (Precise Distortion)",
      "tags": [
        "Effect",
        "Waveshaper",
        "Polyphonic"
      ]
    },
    {
      "slug": "T",
      "name": "T",
      "description": "A pitched time stretch and matched trigger sync delay.",
      "tags": [
        "Effect",
        "Tuner",
        "Delay",
        "Polyphonic"
      ]
    },
    {
      "slug": "L",
      "name": "L",
      "description": "A synchronized delay with shortening.",
      "tags": [
        "Utility",
        "Clock modulator",
        "Delay",
        "Polyphonic"
      ]
    },
    {
      "slug": "D",
      "name": ";D",
      "description": "A VCA/future estimator with error.",
      "tags": [
        "Utility",
        "Attenuator",
        "Voltage-controlled amplifier",
        "Dynamics",
        "Polyphonic"
      ]
    },
    {
      "slug": "R",
      "name": "R",
      "description": "A simple mixer split.",
      "tags": [
        "Attenuator",
        "Mixer",
        "Utility",
        "Polyphonic"
      ]
    }
  ]
}